<?xml version="1.0" encoding="utf-8"?>
<Keyboard
    keyWidth="10%p"
    horizontalGap="2%p"
    verticalGap="4%p"
    keyHeight="25%p"
    >
    <Row>
        <Key codes="113" keyLabel="q" keyEdgeFlags="left"/>
        <Key codes="119" keyLabel="w"/>
        <Key codes="101" keyLabel="e"/>
        <Key codes="114" keyLabel="r"/>
        <Key codes="116" keyLabel="t"/>
        <Key codes="121" keyLabel="y"/>
        <Key codes="117" keyLabel="u"/>
        <Key codes="105" keyLabel="i"/>
        <Key codes="111" keyLabel="o"/>
        <Key codes="112" keyLabel="p" keyEdgeFlags="right"/>
    </Row>
    
    <Row>
        <Key codes="97" keyLabel="a" horizontalGap="5%p" 
                keyEdgeFlags="left"/>
        <Key codes="115" keyLabel="s"/>
        <Key codes="100" keyLabel="d"/>
        <Key codes="102" keyLabel="f"/>
        <Key codes="103" keyLabel="g"/>
        <Key codes="104" keyLabel="h"/>
        <Key codes="106" keyLabel="j"/>
        <Key codes="107" keyLabel="k"/>
        <Key codes="108" keyLabel="l" keyEdgeFlags="right"/>
    </Row>
    
    <Row>
        <Key codes="-1" keyIcon="@drawable/sym_keyboard_shift" 
                keyWidth="15%p" isModifier="true"
                isSticky="true" keyEdgeFlags="left"/>
        <Key codes="122" keyLabel="z"/>
        <Key codes="120" keyLabel="x"/>
        <Key codes="99" keyLabel="c"/>
        <Key codes="118" keyLabel="v"/>
        <Key codes="98" keyLabel="b"/>
        <Key codes="110" keyLabel="n"/>
        <Key codes="109" keyLabel="m"/>
        <Key codes="-5" keyIcon="@drawable/sym_keyboard_delete" 
                keyWidth="15%p" keyEdgeFlags="right"
                isRepeatable="true"/>
    </Row>
    
    <Row rowEdgeFlags="bottom">
        <Key codes="-2" keyLabel="123" keyWidth="10%p"/>
        <!--
            codes: -101 is not a framework-defined key code but a key code that is
            privately defined in com.example.android.softkeyboard.LatinKeyboardView.
        -->
        
		<Key codes="-3" keyLabel="," 
			keyWidth="15%p" keyEdgeFlags="left"/>
		<Key codes="44" keyIcon="@drawable/sym_keyboard_language_switch"
                keyWidth="10%p"/>
        <Key codes="32" keyLabel=" "
                keyWidth="30%p" isRepeatable="true"/>
        <Key codes="46" keyLabel="."
                keyWidth="15%p"/>
        <Key codes="10" keyIcon="@drawable/sym_keyboard_return" 
                keyWidth="20%p" keyEdgeFlags="right"/>
    </Row>
</Keyboard>